first,second
train_info,"100×4 DataFrame
 Row │ epoch  discriminator_loss  generator_loss  fixed_discriminator_loss
     │ Int64  Float64             Float64         Float64
─────┼─────────────────────────────────────────────────────────────────────
   1 │     1           0.0281722      -0.0159363                 0.015914
   2 │     2           0.0283445      -0.0159006                 0.0159006
   3 │     3           0.0283408      -0.0159017                 0.0159024
   4 │     4           0.0283413      -0.0159029                 0.0159031
   5 │     5           0.0283414      -0.0159032                 0.0159032
   6 │     6           0.0283414      -0.0159032                 0.0159032
   7 │     7           0.0283414      -0.0159032                 0.0159032
   8 │     8           0.0283414      -0.0159031                 0.0159031
   9 │     9           0.0283414      -0.0159031                 0.0159031
  10 │    10           0.0283414      -0.0159031                 0.0159031
  11 │    11           0.0283414      -0.0159031                 0.0159031
  12 │    12           0.0283414      -0.0159031                 0.0159031
  13 │    13           0.0283414      -0.015903                  0.015903
  14 │    14           0.0283414      -0.015903                  0.015903
  15 │    15           0.0283414      -0.015903                  0.015903
  16 │    16           0.0283414      -0.015903                  0.015903
  17 │    17           0.0283414      -0.015903                  0.015903
  18 │    18           0.0283414      -0.015903                  0.015903
  19 │    19           0.0283414      -0.015903                  0.015903
  20 │    20           0.0283414      -0.015903                  0.015903
  21 │    21           0.0283414      -0.015903                  0.015903
  22 │    22           0.0283414      -0.015903                  0.015903
  23 │    23           0.0283414      -0.015903                  0.015903
  24 │    24           0.0283414      -0.015903                  0.015903
  25 │    25           0.0283414      -0.015903                  0.015903
  26 │    26           0.0283414      -0.015903                  0.015903
  27 │    27           0.0283414      -0.015903                  0.015903
  28 │    28           0.0283414      -0.015903                  0.015903
  29 │    29           0.0283414      -0.015903                  0.015903
  30 │    30           0.0283414      -0.015903                  0.015903
  31 │    31           0.0283414      -0.015903                  0.015903
  32 │    32           0.0283414      -0.015903                  0.015903
  33 │    33           0.0283414      -0.015903                  0.015903
  34 │    34           0.0283414      -0.015903                  0.015903
  35 │    35           0.0283414      -0.015903                  0.015903
  36 │    36           0.0283414      -0.015903                  0.015903
  37 │    37           0.0283414      -0.015903                  0.015903
  38 │    38           0.0283414      -0.015903                  0.015903
  39 │    39           0.0283414      -0.015903                  0.015903
  40 │    40           0.0283414      -0.015903                  0.015903
  41 │    41           0.0283414      -0.015903                  0.015903
  42 │    42           0.0283414      -0.015903                  0.015903
  43 │    43           0.0283414      -0.015903                  0.015903
  44 │    44           0.0283414      -0.015903                  0.015903
  45 │    45           0.0283414      -0.015903                  0.015903
  46 │    46           0.0283414      -0.015903                  0.015903
  47 │    47           0.0283414      -0.015903                  0.015903
  48 │    48           0.0283414      -0.015903                  0.015903
  49 │    49           0.0283414      -0.015903                  0.015903
  50 │    50           0.0283414      -0.015903                  0.015903
  51 │    51           0.0283414      -0.015903                  0.015903
  52 │    52           0.0283414      -0.015903                  0.015903
  53 │    53           0.0283414      -0.015903                  0.015903
  54 │    54           0.0283414      -0.015903                  0.015903
  55 │    55           0.0283414      -0.015903                  0.015903
  56 │    56           0.0283414      -0.015903                  0.015903
  57 │    57           0.0283414      -0.015903                  0.015903
  58 │    58           0.0283414      -0.015903                  0.015903
  59 │    59           0.0283414      -0.015903                  0.015903
  60 │    60           0.0283414      -0.015903                  0.015903
  61 │    61           0.0283414      -0.015903                  0.015903
  62 │    62           0.0283414      -0.015903                  0.015903
  63 │    63           0.0283414      -0.015903                  0.015903
  64 │    64           0.0283414      -0.015903                  0.015903
  65 │    65           0.0283414      -0.015903                  0.015903
  66 │    66           0.0283414      -0.015903                  0.015903
  67 │    67           0.0283414      -0.015903                  0.015903
  68 │    68           0.0283414      -0.015903                  0.015903
  69 │    69           0.0283414      -0.015903                  0.015903
  70 │    70           0.0283414      -0.015903                  0.015903
  71 │    71           0.0283414      -0.015903                  0.015903
  72 │    72           0.0283414      -0.015903                  0.015903
  73 │    73           0.0283414      -0.015903                  0.015903
  74 │    74           0.0283414      -0.015903                  0.015903
  75 │    75           0.0283414      -0.015903                  0.015903
  76 │    76           0.0283414      -0.015903                  0.015903
  77 │    77           0.0283414      -0.015903                  0.015903
  78 │    78           0.0283414      -0.015903                  0.015903
  79 │    79           0.0283414      -0.015903                  0.015903
  80 │    80           0.0283414      -0.015903                  0.015903
  81 │    81           0.0283414      -0.015903                  0.015903
  82 │    82           0.0283414      -0.015903                  0.015903
  83 │    83           0.0283414      -0.015903                  0.015903
  84 │    84           0.0283414      -0.015903                  0.015903
  85 │    85           0.0283414      -0.015903                  0.015903
  86 │    86           0.0283414      -0.015903                  0.015903
  87 │    87           0.0283414      -0.015903                  0.015903
  88 │    88           0.0283414      -0.015903                  0.015903
  89 │    89           0.0283414      -0.015903                  0.015903
  90 │    90           0.0283414      -0.015903                  0.015903
  91 │    91           0.0283414      -0.015903                  0.015903
  92 │    92           0.0283414      -0.015903                  0.015903
  93 │    93           0.0283414      -0.015903                  0.015903
  94 │    94           0.0283414      -0.015903                  0.015903
  95 │    95           0.0283414      -0.015903                  0.015903
  96 │    96           0.0283414      -0.015903                  0.015903
  97 │    97           0.0283414      -0.015903                  0.015903
  98 │    98           0.0283414      -0.015903                  0.015903
  99 │    99           0.0283414      -0.015903                  0.015903
 100 │   100           0.0283414      -0.015903                  0.015903"
sharpe_ratio,-0.093
predictions,"[0.00013529729975849352, -0.09096296767065581, -0.004538744738543668, -0.057254484177040404, -0.0020490677830082974, 0.007148611556621821, 0.3888888955116272, 0.0020312718584632183, -0.007104879114563482, -0.2316038067276883, 0.004555367103561378, 0.08904958916767113, -0.14862026483696764, -0.001760855377459276, 0.006985399704336023, -0.00511423271306018, -0.004522027065022694, 0.034562437177791526, -0.017731028679133048, 0.0037114309996891916, -0.006312100331541744, 0.0025818672595610665, -0.008233655297532066, -0.012386038587873094, 0.0033262361087390353, -0.003768887722267016, -0.02390046969149481, -0.015571154072705108, 0.18970161615967804, -0.0011473228935325503, -0.004829616558290647, -0.004927940087880611, 0.004512850040874729, -1.8492716307909562e-5, 0.0025018612504666892, -0.0, -0.0034442100466938927, 0.0020318516546271696, 0.01481079416673805, -0.0019315019231918936, 0.005115752117956388, -0.0012632067300774685, -0.01929267013941543, 0.003953938852696758, -0.03019682084908758, 0.23727185019202499, -0.004306116120774339, -0.00822427040994671, 0.00383982210734507, -0.008441288052226324, -0.003363704954999062, -0.006142366479440124, 0.03791584441797847, -0.010994723499903993, -0.006547951552437518, -0.0222222227603197, 0.015588032845331001, -0.002424337553112748, 0.05960966842218812, -0.001453461732958423, 0.022739777477134817, -0.005256131578199888, -0.016828015165940926, 0.02861355039800317, -0.06468954650186691, 0.009514846991771601, -0.005483574850526136, -0.048458004934405004, -0.008682217467638649, 0.0816326513886451, -0.0033811049143061484, -0.006316150173243883, -0.006141717116610414, -0.0009500581277688467, -0.006591251338541216, -0.002332637762196511, -0.02418569413611585, 0.007081357872817726, -0.029397861017636674, -0.0480349361896514, 0.006925517575509129, 0.0004380286692074957, -0.027039015746397582, 0.014330302878394399, -0.02661989554982446, -0.1571428626775742, -0.004165099147649514, -0.04460731125153808, 0.008491108768944825, 0.006716277236159224, 5.405134772081451e-5, -0.003727814865284879, 0.0008973878087818459, -0.014704501775516752, 0.0002196683268241088, -0.03366408637807188, 0.025408744255497964, -0.009960249040046469, 0.01836587438552035, 0.11211281586772515, -0.011434499480002427, -0.006270418932079081, -0.02372465998589217, 0.014534920175200944, 0.014355388564284421, -0.021444702631910856, -0.009985286973034878, -0.005233383529576642, -0.0007098299023055891, 0.006022161887138218, -0.0037566524770249353, 0.0006080993270332304, -0.01927035904878883, -0.007938405904388952, -0.11239255345566752, -0.007314654867164638, -0.007161516902061638, -0.0009541103662121135, -0.0012324918595123867, 0.0046129956926633, 0.03367200126420319, -0.259259238287255, -0.0769230797886848, 0.013475813586919592, -0.0006987567359662844, 0.032662394357676185, 0.06439555979364452, 0.00916154831822537, -0.005025344639642632, -0.0062717957601031455, -0.014444544046517478, -0.02445773175759666, -0.009751228067647727, -0.000668315876314282, -0.001005240223566562, 0.021793411581369874, -0.010340886799316542, 0.011516540155319398, 0.044933667508713804, -0.02003525745646035, -0.03348931181276593, 0.02382634879022191, -0.004119344619334245, -0.0, -0.012012359987070035, 0.005744276919495724, -0.006154582397198492, -0.01050410189262302, -0.01622530243918823, -0.004688410543939973, 0.013624694231825678, -0.1102941185235977, -0.04625116226585984, 0.2243581640654129, -0.119999997317791, 0.016436652840026995, -0.010166026096731173, -0.017959665747219147, 0.0516048149540389, -0.023265557463619788, 0.0004805430104116705, 0.015310199905456874, 0.0674846619367599, 0.0013794265305729632, -0.010577842373909265, 0.0, 0.03139277434107705, -0.006727533688906447, 0.029944743641717852, 0.2857142984867096, 0.029472075864189637, -0.0011627274687257766, -0.008675988830916947, 0.014048157580453295, -0.0001701300707890012, 0.01532857525779277, -0.00271324932732232, -0.008246843302651748, -0.0027904248977480414, 0.14714883254866828, -0.0068008179655338835, 0.03958615174216525, -0.04880243224197677, 0.024631395611979783, -0.06443139372743714, -0.0, -0.02228479339780211, 0.01335696837424812, 0.023809522833852466, 0.00978609629178941, 0.004356862570057205, -0.02962048891847626, -0.021621618492944333, 0.1000000014901161, 0.033215260949350366, 0.0020119041352610377, 0.0001789705716026586, 0.02805270254611969, 0.002407778553153231, 0.005470747274044141, 0.02225014056944544, -0.031373442700732994, 0.0009455093002832699, -0.0, -0.018162985914114166, 0.05922290697301927, -0.19783607001293024, -0.005026814516741584, -0.02522213003936599, -0.005757005684271944, -0.021597164103155007, -0.013031539266062703, -0.014595896810494946, 0.014550601264861754, 0.009023850222402829, -0.5126891520003722, -0.003124044935518164, -0.00511338051705377, -0.0012036472910015306, -0.0015088082019459302, 0.011160151405891452, -0.034801521277029714, -0.014175255750713123, -0.023392427566879124, 0.0034270820966962197, -0.032658664574322704, 0.018629718798466973, 1.3121173470667136e-6, -0.10318321537698849, -0.002968557632727605, -0.002314212507527291, -0.006699876155160572, -0.1052631586790085, -0.013057219457672704, 0.12619865917378448, -0.015085051732955193, 0.00890128082266695, 0.036865273433108386, -0.017066550712709967, -0.0039692344359572185, -0.008321308760058318, 0.0008336594401077377, -0.006756877718719374, -0.053523872868344875, -0.014864116461577028, -0.02057271362242988, -0.05154864612786792, -0.020797919070522985, 0.033249644302240235, -0.00446806004415067, 0.004787074450450099, 0.006738940234388439, 0.0007382912467004692, 0.04964945202229121, -0.004521672781087255, -0.0003379431646743332, 0.021281922032396372, 0.6932906691258722, -0.0019330852350209818, -0.0018265484894533382, -0.009813159838995994, 0.0666666701436042, -2.1636035040170236e-5, -0.006728162959939041, -0.03972120723127475, 0.0006782788702927038, 0.02463692912249861, -0.001571552642973137, -0.0029926374684983636, 0.002296724963788828, -0.001559930952078489, -0.0005974465579756009, -0.002870253723447635, -0.03937314243143799, -0.05665439335925232, -0.0023810459451948235, -0.001182794397271192, -0.0692307725548744, -0.02296494608539696, 0.05555555265810752, -8.819616193884762e-5, -0.006993638589242221, 0.006088102816593052, -0.08646439700478271, 0.023121057849539103, 0.004210765359295064, 0.0018249867419889434, -0.006940156177523041, -0.31578944231334566, -0.0027832043855679136, 0.0058069057545196345, 0.0233333334326744, -0.02962292877655005, 0.00013064870852155536, 0.0015488177427525724, 0.22623472245903373, -0.005817258220925832, -0.0026066985558526085, -0.007834706048439312, -0.01429855517459716, -0.006697429547987666, 0.006101841875598624, 0.0016515047726473895, -0.016786506446019187, -0.375, -0.00017947844932839522, -0.009576646493115772, -0.008985798724012013, 0.009032021257504462, 0.004581394450899408, -0.0018762492671622402, -0.001106665634620399, 0.001983892922505656, -0.05512270718579782, -0.006995834102818115, -0.018668875804961477, -0.0013667922607813127, -0.013069747183441907, 0.008447397214997035, 0.0010359395469241523, 0.02097778151220313, 0.004014840652309102, -0.023996433852842027, -0.004193513994144778, -0.023002438520429713, -0.003840265751260953, 0.009205791631433827, -0.010272639088390047, -0.0923913046717643, 0.0014714892505315763, 0.002173989919809374, -0.000758282399754025, 0.0035478810951019182, 0.012542729037887404, -0.0018440646064510184, -0.0026225385752168223, -0.0293040294200182, -0.0012387246294428176, -0.003723669963451524, -0.0005459355998344048, -0.013372981313245361, 0.007032153686640058, -0.029211206159134875, 0.0011680923836669371, -0.007461271793717444, -0.009426850560915976, -0.008036356427248065, -0.0014847645540703705, -0.003316362888209953, 0.015260177134189016, -1.261397497927158e-5, -0.0004342798100150833, -0.0038707680864290637, -0.06363832549058768, 0.024071451701811377, -0.0019464675519905864, -0.0022564878190459523, -0.013428376708155207, -0.01036124859841042, -0.0013445982516308108, -0.0010679221136675923, -0.003348405927835472, -0.0027791223324416933, -0.0053314418218798915, 0.004749531832317942, -0.0002436659475256988, -0.004126152667039749, 0.0029148060328124444, -0.0023880227213022333, -0.012355849970350712, -0.017605761046460413, -0.01716539907492644, -0.0024521720500256918, -0.018074440901797762, -0.005255877496293242, 0.007422983262598771, -0.01139833958348636, -0.0017372801771433938, -0.0273813400174116, -0.00884027648403555, 0.00402904774050129, -0.005047451186781855, -0.044949026764273946, -0.0037497825175854837, 7.046921436445839e-5, 0.054089338159953065, -0.002818537880259191, -0.0002927715809766871, -0.04209995458913851, 0.0023482115040793098, 0.026756832034405438, -0.0017804291721748569, -0.018987616631128548, -0.01726457168389943, -0.002266054192057891, -0.004087879195977253, 0.004155544479718335, -0.06898554883919404, -0.001818387045448724, -0.004988474197040554, -0.00039874223689838524, -0.0018262090903991299, -0.03832908721995172, -0.0013421608238143147, -0.004138535171621459, -0.01248280256959319, -0.032240698556121695, -0.005915259338088478, -0.002190651221928046, -0.0033465049947807926, -0.014312218817647241, -0.002539587283117465, 0.005603075811036414, 0.0053411418829527645, -0.03874215673105505, -0.0026292243805817357, 0.0052130336022058795, -0.02137814974008002, 0.0007893398445978582, -0.005009414022281713, -0.011387858172040974, -0.006713117387701739, -0.001202606439477167, -0.2857142984867096, -0.0024115172551172487, 0.05547030489582599, -0.002684886461406087, 0.0037230781913020193, -0.2268041223287582, -0.026315788101208805, 0.002997161327293734, -0.0006587303324631927, -0.0018814007198709863, -0.004876855636600971, -0.009482090219869635, -0.008887004831166485, -0.015738948692203544, -0.00177726561082269, -0.004665103253825111, -0.004399989926343316, 0.005242820509136056, -0.001562552177199694, -0.0015200467988286562, -0.0027248351873327323, -0.014509984682128746, 0.005279658815759756, 0.0006326761709709746, -0.0015327850877413986, -0.006306836781658767, -0.036030458289485444, -0.00578767500618323, -0.004755143116128454, -0.0020805684330977726, 0.004767489622562222, 0.0001737647227072753, -0.004409023223677595, -6.125281251651559e-5, -0.02416263498905689, -0.001870779879468808, -0.0001776003644163965, -0.008990225235966601, 0.0036091421759697115, -0.000489607345929367, 0.006010040225996552, -0.03016000568953257, -0.0014957522330741415, 0.005134336883367647, 0.011445895623844852, -0.004721020324925516, -0.005444287633518874, -0.00038209160020132623, -0.0025032950430796605, 0.002605531197982795, 0.0026819896299068403, -0.0015217758728619571, -0.00015285281200143826, -0.0012298225439166287, -0.002365589725558007, -0.001066483371862402, -0.001578786426010447, -0.003379945460253967, 0.0013967788948964508, -0.0006687403309452699, -0.001136623205772671, -0.0003366174198750422, -0.005710131707159973, -0.005462651282416584, -0.0010108038276241584, 0.003862340991781627, -0.0003941527834148692, -0.0030225844400350557, -0.007563627191267794, -0.0202657865125901, -0.0018082214893242897, -0.0018138469814959345, 0.006472774726389793, -0.003229783995954696, -0.001399586677564976, -0.004070876980286567, -0.004243110079278637, -0.010169378411316649, -0.007156644633412028, 0.0019144775863368696, -0.0026942226184141545, -0.014449745099359246, 0.006262299442687094, 0.0011901839101484733, 6.014324166848146e-5, -0.011779506076290462, 0.0069214532346812355, -0.002007627284146414, -0.004610807627577858, 0.0021285026968063613, -0.0009707500071603463, 0.00015088462303046722, -0.029671075350385007, -0.004645340818762898, -0.013996293351387485, -0.010338019353286869, -0.022493343934949384, 0.004077464810108258, -0.01380592662706968, -0.004238868415101621, -0.06119854192570594, 0.004677698049580469, 0.0006389978587206443, -0.0008034122487058954, -0.05187154263486826, 0.0002538544251459004, 0.0007181844101706635, -0.023256321350617237, 0.2000000029802322, 0.018202301330345158, -0.0018997692246154538, -0.0037945802664111823, -0.014596099634778759, -0.02533427836813718, -0.001605880553098415, -0.009090303467128902, -0.0039210086886542215, -0.018192629340456658, 0.0273972600698471, 0.0006858193939261604, -0.002978619762562009, -0.002076130739059733, 0.010672097533696981, 0.0008207421172770697, -0.0014124850216166163, -0.006134566386861199, -0.004887623505640441, -0.0005446857531871845, 0.01032227833184536, -0.004357692400595033, 0.04018531024213754, -0.025245552346936127, -0.004853365129357772, -0.0038173391998978404, -0.041010603229272094, -0.02263546779273271, -0.005346613183890912, -0.0059072693506663715, -0.001989986029275289, -0.000827580259715647, 0.007899598746591473, -0.0006642459315928446, -0.024736732501453536, 0.01138503455284857, -0.0077597233727456135, -0.0032660214622711025, -0.0016970761046771873, -0.004160920780828108, 0.012484277604031197, -0.015277070151033065, 0.02620648255173798, -0.05003988864383566, -0.0030168180469850856, 0.003997267471052994, 0.31970078498125076, -0.014786282789622079, 0.0126151717207437, -0.0010981548929723363, -0.003516894415960845, -0.0006650459091484495, -0.004236335688291836, -0.01035110150197719, -0.006732713938181815, -0.0019838549637422862, -0.000463977082757915, 0.0018211801858666037, -0.004104176012617773, -0.01800141492629547, 0.022661172453412627, 0.0020982760608382824, 0.013891350937180686, 0.000627598877086206, -0.003256765609770972, -0.005115123445034109, -0.1244444474577904, 0.00047242117634728166, 0.021774754782606806, -0.000923493997721941, -0.007529707044945032, 0.004073078665798045, -0.0008466593771292299, 0.0026185629376684967, -0.002003576680436463, -0.010547573707184527, -0.005285206421073707, -0.0027003885860649277, 0.019634749457261028, -0.005705209785855039, -0.009604955989379046, 0.004391841534323279, -0.0020083543215930603, -0.024908065404152482, 0.0005805421332402599, 0.0018649678463083738, -0.008021024685563287, -0.020657026188038906, -0.024872369452130713, 0.001925167974607609, 0.002457083948943661, -0.011217361932623708, -0.01187394947274601, 0.000929096899163301, 0.0023227674354166688, 0.014295653440058231, -0.0017006131526920145, -0.004183125045770035, -0.016507663668961833, 0.006188946779910556, -0.010124367711363599, 0.020035281322610704, 0.002696575005865725, -0.003381066819341592, -0.002516026852507878, -0.00229347989942671, -0.007778987126693995, 0.005033487171386123, -0.007100410220940271, -0.002086244784635871, -0.01097981651481639, 0.0007554698323287808, -0.005449609796157371, -0.0006288955151161971, 0.0006962181361595313, -0.004740193486837635, -0.011537896344360091, -0.00983335690416108, -0.0025692345849434696, 0.018538748589826366, -0.005365805847242493, -0.0023350430290421287, 0.01452615376695457, 0.008690629766508567, 0.23331610053529994, -0.0012092524233381628, 0.002499962847327935, -0.00012448814374015462, -0.0020923729181343124, -0.0019945101078566512, 0.01687792628999137, -0.0029702726502669457, 1.9636798012214706e-5, 0.0009458371400624882, -0.0, -0.012302617128830346, -0.010046222502308286, -0.024669231289307796, 0.013410168381681081, 0.0023243359281204744, 0.0018047741530206264, 0.008735781143672664, 0.0082414172383468, -0.005915901510615502, 0.006103260069505727, -0.005838107648228176, -0.005156379822534135, -0.04196732322417851, 0.0011268849429601335, -0.00816139787993799, -0.036648560295918974, -0.0017626671104175996, 0.006172816372579798, -0.0017855421606958253, -0.004859827085899928, -0.01272096887338001, -0.007334958173623146, -0.0045523727830174875, -0.015149951665939347, -0.0071546099886377005, 0.00039385660552050943, -0.004637192398792869, -0.0012622295248778796, -0.009569398960293681, 0.006457072058988497, 0.00029992439187718085, -0.0017298635720872368, -0.001977687096857706, 0.002414775762381053, 0.0028341223341958976, -0.0008579048333427986, -0.002717875682981041, -0.014225763451428954, 0.004939268026282121, 0.004484978937108051, 0.013505965925740604, -0.0019881663746227672, -0.002739753097667113, -0.016408764636741707, -0.007765770926242813, 0.006578188471359492, 0.005959499720965663, -0.0058449105002804005, -0.0004159076736554869, -0.0052059508778093296, -0.06483405671797274, 0.0013601602726956033, -0.00306919272750408, 0.01340855409660845, -0.0039223303140552964, -0.002711115427088542, -0.0005222458696007642, 0.0024911037944656753, -0.0124074295111422, -0.0054606382511503, 0.003100944183842035, -0.008059902152639329, -0.0012672620186150736, -0.0034170630218546875, -0.0068341110942885365, -0.005333722563369693, -0.0607287400526557, 0.1892702877521515, 0.0, -0.0025627818859601512, -0.0031974690513381344, 0.0006461226657707172, -0.0016898022034241929, -0.0010462010665956603, -0.0014731846322560587, -0.0005819478831276304, 0.039905143186437016, -0.0653366218462524, -0.0, 0.0011109475505420205, -0.0065428156167467956, 0.00280506279198255, 0.09314935654401779, -0.0077584371410057825, -4.3326113059735034e-5, -0.0638297870755195, -0.002780342771067913, -0.004235262701482966, -0.0023935579614239497, -0.028045319428599603, 0.0011265106264533864, -0.003965555756792164, -0.010667762494601088, -0.005103954269429604, -0.014660798582455626, 0.009514177421270422, 0.0018131322157164938, -0.019359179233679556, 0.03246361842913796, -0.00607539121906179, -0.002213323898883822, -0.004364849108051113, -0.0019129454456590928, -0.0603773593902587, -0.00772069910347768, -0.007173213637109857, 0.006908313722870402, -0.012473106760013897, -0.002090256392684123, 0.004312564573154124, -0.005797295355329312, 0.0006997200958710329, 0.0009820600224836884, -0.010183845715058891, 0.0030660642308371375, -0.0004072916481374207, -0.010299990181385865, -0.0010156486856949495, -0.0239895752974364, 0.049549951796900256, -0.0018556049373036581, -0.0007335195015450564, -0.0023335759843221542, -0.010787587083882715, -0.0018537016803623137, -0.12340088043726287, -0.00043433617872461194, -0.005112330640463058, 0.0010485895733628391, -0.003476752898422127, 0.012959033855039307, -0.00206956209994722, -0.005032840430769864, -0.01672196997924703, -0.012145190557539143, 0.0010794391238255876, 0.00033306413114530685, -0.013875124101766806, 7.598492348348223e-5, -0.005112803112020779, -0.004776102429106599, -0.01664058909945494, -0.0014898888944135265, -0.00682071507418426, 0.00045641064956877944, -0.0009304706291371751, -0.007636441950240002, -0.000753041816796739, -0.08174657260412223, 0.0014003335650075016, 0.02760521117487047, -0.0027006094527464754, -0.001629502868245189, -0.001155005828479973, -0.0022054911079151447, -0.0009069071250991175, -0.005571010944156261, 0.00103994418647384, 0.0007816892780235724, -0.012167719814172213, -0.003620855562339754, -0.007801726896312639, -0.009364783722189431, 0.0008661799775968401, -0.08114514715582681, -0.0019291296267128421, 0.002273098352107206, -0.0485436879098415, 0.00024964789744109483, -0.06578947211566705, 0.009381925359169102, -0.05030367015266124, -0.0012047524030794395, 0.0012191538234300463, 0.005316005768378996, 0.0003855917937817135, -0.004268990641221126, -0.002298396281448555, -0.003308961512502867, 0.010561061455007412, -0.000340180698778526, -0.0021583182835034362, -0.001266801824378629, -0.0016672145590301709, 0.0010314187221770051, -0.0014275874274060425, -0.0045632979701604294, -0.007172493808976486, -0.018090628398377946, -0.008461137239295858, 0.0003595729035672547, -0.010423964668071942, -0.0005859142734147004, 0.0009693656854031027, -0.0030978158553478744, 0.004635812298767546, 0.0877192988991737, 0.002804905280237875, 0.007713866734663173, -0.023494765064261854, -0.005739991364156896, 0.004256917361303689, 0.003547060293718697, -0.0015524537110758161, -0.005686653963718036, 0.0010007609600735175, -0.007727689764187736, -0.0027037592710038257, -0.0029687364874508657, -0.018948539507011763, -0.009857437713386577, -0.0016662113693124568, -0.0005407279675017085, -0.0731707289814949, -0.0035875815510281297, 0.0003552178985561623, 0.003638153659319554, -0.009581455489264222, 0.012587419978315736, -0.006689553851034754, 0.01263582020602981, -2.4429619091094703e-5, -0.0016656595695051304, -0.01456982042357105, 0.04515172755701213, -0.010725401578865403, -0.0011486789865816445, 0.006265945338571092, -0.004446695833227225, -0.00022431188147484845, 0.039448782247354014, -0.004439351625088288, -0.009849720773291163, -0.0011918383992974833, -0.0, -0.003219326719445362, -0.014438425060545157, 0.00851550820074929, -0.004975959135387842, 0.0029149384407472856, -0.0013897928671349482, -0.02807977255011621, -0.015096542258856649, -0.1333333402872086, -0.009920348250060907, -0.022126603175233777, 0.06109423114433166, 0.0004916014703673133, 0.0010534977085734783, 0.0021180558986473694, 0.004272225650316548, 0.003438571389116511, 0.007026998472290532, 0.00040898224137255607, -0.007834532199153029, 0.027231409771999168, -0.04497178356568008, 0.018384950243490895, -0.001020603314797772, -0.002765966980969937, 0.0, 0.0003568716864702294, -0.04018696489998951, -0.006769325676268921, -0.0211606969384851, -0.0019217928484897, -0.009478225018928161, 0.0007035991038272891, -0.0038035050860541547, -0.022434954609944113, 0.0961538478732109, -0.023032810869046225, -0.0010515295457253016, -0.015912135268400702, -0.12489268106488097, -0.0009335429868686464, -0.003178883909695618, 0.012113886528733048, -0.01030098818603468, -0.0051065294278957955, -0.007074021145239763, -0.0016578686087613701, -0.01862958881666643, 0.009884919526388626, 0.007962923242207062, 0.04101068267569365, -0.013873540864808765, 0.009132399828102263, -0.034107919702539805, -0.008924179949356258, -0.03148070474465688, -0.005550854371829101, 0.03922210087958624, 0.0001775789189533853, -0.00214429343322788, 0.005512327012260597, 0.005666070192133166, 0.005463684805343533, 0.0031740621305013875, -0.000502367674675042, -0.002674109095493854, -0.05046461279945947, 0.04923842567859182, 0.007396468739649143, 0.0052051014275007424, -0.037100427691689926, -0.004998022907763929, -0.008993493772981392, 0.06541166013165357, -0.0007722113103439146, 0.008422918376470197, -0.0016943563046991445, -0.03495312892433201, -0.014816722398489685, -0.0091396013457508, -0.004255279113918041, -0.0013216937570586847, -0.026960714104498306, -0.012698206559710296, -0.00013839669177103536, 0.020307325440340234, 0.06234343429909137, -0.006796212915175899, -0.01975610623473876, 0.005792045123460734, -0.005798691300898651, -0.001494899112785315, -0.0037029647597690185, -0.004853010456931, 0.0002454464282182632, -0.02813677315328529, -0.004716616290357564, 0.0021045058287791954, -0.04777207389212125, -0.0050294051858128476, -0.00024620618786763064, 0.004353975392366773, -0.03533285338881241, -0.0011386655594174183, -0.0025540037392509096, -0.005489117298299593, -0.012959589716599683, 0.014840041572862414, -0.0011121358417385085, -0.014550698759947828, 0.00030564995651113035, 0.00791397055949959, -0.008133968899966808, 0.007757142060597449, 0.00027052404083532006, 0.009971682547867008, -0.0018857104432173837, 0.00777333764727071, -0.0007232104155491557, 0.026041784478708967, 0.0014102934082595429, -0.011393276279734937, -0.04522449280225205, -0.002444854318434221, 0.01487605140848526, 0.00017530581600132917, 0.008649357123118288, 0.06977010257355065, -0.0019443798590391475, 0.00020936412771071188, -0.01709811317247997, 0.001039405654503253, -0.00867181257615926, -0.1727797142686563, -0.002488161169847556, -0.003431445732250149, -0.009367555176255397, -0.010463099772857608, -0.0341897914079521, -0.0017527737035059464, -0.0063830043552961235, -0.013196427133130077, -0.0013819270507738843, -0.04356082757922759, -0.036604418304555464, -0.002424857273320377, -0.0059652611653865355, -0.0010401077245398764, 0.06904540554210319, 0.017382630181424916, -0.0009136665666469857, -0.022240715921439305, 0.011015751219897233, 0.000656708791664587, -0.0943321601260728, -0.004744089741391546, 0.0030053255587067056, 0.0030597229213759234, -0.02120583098676789, 0.014042651946925895, 0.006503268543975117, -0.021473821985624073, -0.005525398533330694, 0.002549606716519211, -0.00011383467377460295, -0.002671888712574361, -0.004806594532151363, -0.009970549147413365, -0.02134644818106601, 0.0037193993943753583, -0.0063244819157688885, 0.005055797692968519, -0.007322926104934708, -0.5294117611997251, 0.015313660035522855, 0.036003315688405674, -0.0018467356432253954, -0.0673076957464218, -0.005348083337001355, -0.012252185377359209, 0.004458348978574453, 0.013885765083188364, 0.033191338253739204, -0.015727596697383706, -0.010080899100612228, -0.003531341850662764, -0.012125803845141473, 0.00668447369720649, -0.0008912254729598712, -0.003088919274418475, -0.0037690801017604787, -0.008419250975248066, 0.003092989970226224, 0.1040710198367851, 0.018923516296926027, -0.04347825908790456, -0.011290912164017865, -0.004272544757369302, -0.023460791044917554, -0.007993402802683661, -0.0014412166717113033, 0.0007507566298490163, -0.030070613252496686, -0.003084554724508064, -0.0023616840153463563, -0.03857983598541626, -0.004835695286532858, -0.13234731138730238, -0.02518539293136694, -0.0006599759480460038, -0.0017384818592807634, -0.003868629858922559, 0.014826735737825381, 0.00016293322259269325, -0.0012441091060274524, -0.0, -0.005470113506277041, -0.021674959976424935, 0.001317112076064057, -0.027970296129152878, 0.007356167788688199, -0.00407001779318203, -0.0016408800839495074, 0.00033071560525133194, 0.022077925189159547, -0.0008775651631594496, -0.02474105010585963, 0.4458708687399384, -0.024691356736936666, -0.0026963981768128222, -0.005747414667990357, -0.005868311396041439, -0.019577707436335207, -0.009441455731329262, 0.006448982393804626, 0.0031655488378992515, 0.04800587910057399, -0.07040335640015183, -0.004489919492825802, -0.07253420257737583, -0.00514778869222292, -0.003668073104953127, 0.004910827592376266, 0.12649557788815224, -0.0011852666838727604, -0.0010438437756050873, -0.028262637845620244, 0.013679726619472811, -0.004913129266290708, -0.00544814638347841, -0.013158562350062191, -0.0035920036759149784, 0.005239088014614997, -0.01080092447195904, -0.024349627577636878, -0.007119940736027316, -0.002081910176458153, 0.005788044070667907, -0.00118347913546141, -0.003593643736790891, 0.0030424719936287745, 0.012889323465580907, -0.0016443270280057077, 0.001410623856161966, -0.0040303839311475196, -0.02685232001412518, 0.002193383705911771, 0.0016948774769911014, -0.008857531010613715, -0.0048362480573902215, -0.040811049309797384, -0.002607305017105406, 0.003415215496178334, -0.0013394346906892456, -0.013059590030089344, 0.0012911835614542219, -0.006032738614032039, -0.009973353507279762, 0.0036661655813406504, -0.0014646611567193657, -0.0013648585102752097, -0.003827098092252177, 0.0015228071690681264, -0.004277968243436932, 0.0056542844328889225, -0.0030348064507799235, -0.06457131421899712, -0.0005234614307199476, 0.0860215052962303, -0.002830923877032895, -0.012896947559104983, 0.09003729521610121, -0.005065921485278644, -0.0024554286187078644, -0.0691161055967903, 0.00014062190640468368, 0.0013904429573869427, 0.001495671545253963, 0.03312185795336733, 0.0014337078975079816, -0.0056063017946111175, -0.0023507479015164503, 0.007628705915162889, 0.023054541976142793, -0.0014496357735315011, -0.008599953278739834, 0.015201474802997703, 0.0006566609450300236, 0.0002311960821779686, 0.1666666716337204, 0.024353528733352576, 0.008140389907826489, -0.017122165447581276, -0.011253087783957902, -0.0004124976398927748, -0.01170529333546484, -0.11426463487175426, 0.03711872579439029, -0.026215592965289778, -0.012694680208387437, 0.0075676395594632745, 0.0008418973893812473, 0.021973159405120308, -0.0015744561169266738, -0.01358354107263034, 0.007325566606472306, 0.008309711275070592, -0.04475233005413947, -0.00711496271597849, -0.0036418818277365104, -0.5109106257696685, -0.00628092735921613, -0.00035187764066376987, 0.005737163074725026, -0.016960315048229938, 0.01976993331812004, -0.0009138397124917884, -0.0017735139007359283, -0.0025692272875986596, -0.002114762213734325, 0.0009259766039713396, -0.0004914054017096039, -0.007770498627539734, -0.0016210947520534972, -0.010150001889825738, 0.010636430828473162, -0.003127526809849647, 0.010187889860514903, -0.003260556458324463, -0.0017255404953068119, 0.0014418537458017525, 0.0017217177119974658, 0.00018631634382113282, -0.007740853014460328, 0.003983516305398342, 0.05301297800079153, -0.02696085400706263, -0.02986708824574511, -0.0027076463051719677, -0.0046468134810040375, -0.0023273832447933945, 0.006553753515151149, -0.0021319735228258843, 0.0007887249001335494, 0.01970478528454533, 0.03126722387761394, -0.003384732050810645, -0.0006396577880894586, -0.017923078858928205, -0.007189486946505621, 0.03986351111895016, -0.0011790542704312873, 0.017765652894422973, 0.007299603095744778, -0.0006673967020040291, -0.08695651817580911, 0.01902624101076105, -0.0016746119830703433, -0.004775754696464861, -0.0022929822068947442, -0.012130256510595148, -0.005744570983813589, -0.0035312085191358156, -0.015160376997722852, -0.0015900108620514823, -0.004976177943481525, -0.0034655968254962027, -0.0009252717682655655, -0.0028460907480154923, -0.0028955487506786407, 0.0001280590820307693, -0.0037606891245688897, 0.018790190078701023, -0.019928192872943916, 0.023420130528160835, 0.0004638990075945305, -0.0029466309167826186, -0.010322819260050773, -0.018177089297930982, -0.0027873468518993636, -0.01627394471292601, -0.005897451046399954, -0.003224277900624063, 0.0027616082735151884, -0.012311262252410145, 0.002442330463231987, -0.0032068761712404723, -0.0013087698785262877, -0.025349278098199576, -0.0576923079788684, -0.14233764157666862, -0.0016520716430275836, 0.005509725359272065, 0.00012398924205072825, 0.03994571658462583, -0.0017914992570143445, 0.007251015855576654, -0.007047647317757692, 0.0034631989307973943, -0.00605577955240847, 0.0340622860133765, -0.0009737513276614998, 0.02158781656454194, 0.00503601602831342, -0.01062134414655186, -0.014915441194979085, -0.00399983283500919, -0.010760768600941951, 0.2000000029802322, 0.004034794604406986, -0.0014236944790838855, -0.019700862863890185, 0.0035674520214295305, -0.004790396517565574, -0.0002962630117822075, -0.007718312450129306, -0.0020112791428300676, -0.00155725237197465, -0.004105604377134786, 0.0048308638793717225, -0.007961092922910348, -0.0028921629544006043, 0.030589281174218913, 0.0010306411674222567, 7.997188659697326e-5, -0.0024657625615803003, -0.04398088186115895, -0.0009814343080197406, -0.008544869542648739, -0.010614016434389074, -0.004152318323800021, 0.03275390198626329, 0.0011103122291228308, 0.01868366518557212, -0.006226056888454244, -0.004398327788393647, -0.014708935696243663, -0.009579273244450506, -0.008108005391338312, -0.0030158628849934767, -0.016284934805836898, -0.0034759488520109253, 0.008648560269612006, -0.0049306680310403595, 0.0031708536882972885, -0.0030612627615324525, -0.001031408532820064, -0.03221029045593052, 0.018119348101019228, -0.0003703921906032402, -0.004434819077088709, -0.00220263813078593, 0.04114401634663688, -0.0015942628547527572, -0.001421657238738736, -0.0030033885992751174, -0.015126136875841717, 0.003454272545764029, 0.00631886609931873, -0.0004952330412204761, -0.00034481997513895776, -0.0574358962476253, -0.000692690504457732, -0.0009907371932041478, -0.0006299759350164027, 0.006411781811423052, -0.03030644013106314, -0.008038691128708798, -0.0011288207348910046, -0.09502938968343556, -0.016807141429784685, -0.0010882413898810406, 0.001701581426770135, -0.005733698479731122, -0.05209600003916574, -0.0031811450930917125, 0.004402856749848504, -0.020592539987297643, 0.009322136515928293, 0.00651794952152622, -0.005976289426115147, -0.0066096961402052025, 0.03297730708384085, 0.0035897771739260933, 0.01585001901117547, -0.0041158566337120535, 0.009503054923323942, -0.003579838517601814, 0.032414364876172996, -0.006161725359560698, 3.1254533332717866e-6, -0.002091748558735042, -0.002621106299375275, -8.77612972150479e-5, -0.03235228225597095, 0.03622583309648775, 4.3263959408958483e-5, -0.1416497989941118, -0.001187252364621015, 0.03795278263300148, -0.04587578062037778, -0.02791564708322859, -0.014423820830821723, -0.013043138989896437, -0.0017422585264221622, -0.00829825798561062, -0.002177864647391923, 0.0017279914770496861, -0.0681818202137947, -0.0005297508664104907, -0.05905628372133708, -0.000222334108355535, -0.0005907904599630651, -0.002850247361921458, -0.0006218477647777298, -0.009114481638214954, -0.006356893356615128, 0.0007297569986309577, -0.0029776880046172424, 0.002405195809442808, 0.0012013635109844815, 0.005751404601495848, -0.0009388449115321762, -0.6541666388511658, -0.002474467086150248, 0.07237308407502369, -0.004537603393935408, 0.0011949185236547091, -0.0028151234844891447, -0.012601151091949099, -0.008150308146886715, 0.02397284486601251, 0.004596901317635771, -0.002174250999488075, 0.009405237866362968, -0.006290116087572998, 0.007405312614462926, 0.0016345922468988497, -0.00046059407980266994, -0.008542496421825408, -0.061286618221904426, 0.003569417049251786, -0.09923292427558959, 0.005139174146733037, -0.08419552434863381, -0.004222646990039517, 0.009983217156581839, 0.001157998411946196, -0.012854499294102092, 0.004579119431833708, -0.01034954640373682, -0.0016367050677598186, -0.005510021209086589, 0.05030295217526826, 0.017187015227231477, -0.014575942469879805, -0.005306845420402651, 0.00641889497136023, 0.014655095963559366, 0.004819347609050867, -0.00439195815605835, -0.00891882864349284, -0.009329943662160485, -0.014687389459553741, -0.002786521627093728, -0.0021061338695877725, 0.004729947159689793, -0.005811889091018135, 0.05351462796892855, -0.004941137671876362, -0.0070269090054409025, -0.003763657272917501, -0.01083882941867587, 6.0515330631642894e-6, 0.0005989882914342505, 0.004858760077043224, 0.005222943751932869, -0.002620800594386559, -0.0029288050029900193, 0.0035481828641616125, 0.02098103137677894, -0.009450943269759277, 0.0016673290217870229, -0.00020172671881882334, 0.15625, -0.0031371411297283548, -0.1400000005960464, 0.0023945126918625643, -0.0003911578975065849, -0.00937440846467347, 0.004492132473031002, 0.011124241235394105, 0.0052973022758401, -0.00350871688178533, 0.001113380801038559, -0.03729232644967837, 0.0013708528131213143, -0.005634476326884133, 0.014646965844134744, 0.008589589125623425, -0.005276032187239374, -0.0174887681267125, -0.0008622201849684657, -0.005234675019978406, -0.007762949910597117, -0.016355042664333845, -0.006908528077191229, 0.034948313629726994, -0.0035546363202469972, -0.001409446130522627, -0.009340181029859581, -0.034839037225572196, -0.005965166619310356, 0.004857042037361586, -0.026949697166639603, 0.0018249559959381953, -0.0061968877362660905, -0.0017723582455945117, -0.0014977157145102487, -0.0041781276948460256, 0.017938626413057195, 0.00038774291354177755, -0.00156941841411459, 8.853929979617793e-5, -0.0014651896986103336, -0.004856741961656757, 0.022341521051848178, 0.004841195498106867, -0.033444825813874625, -0.008055412304950616, -0.006901332462522712, 0.1666666716337204, -0.001771764015001035, -0.002794771197394684, -0.005559633197775461, -0.018626062335232382, 0.0, 0.00012825622957298179, -0.017394154801639798, 0.0012149513720140928, 0.007314021391245188, 0.002142306385389906, 0.009891594410217681, -0.0032332921197202784, -0.0060959398473686335, -0.0003361966037140137, -0.010785430870068665, -0.03022770657540832, -0.010724738734890498, -0.0009395707622825669, -0.05266313769504183, 0.009222664529241729, -0.1205736652490069, 0.20603394791286433, 0.017580733733677804, 0.011828248886496032, -0.004017050660078557, 0.00019449079572405348, -0.0036499741587450478, -0.003591656679236837, 0.06431811151006474, -0.0016913537359462512, -0.050998910821698586, 0.0012382848221385015, -0.013302342945301632, -0.04013045721158959, -0.003824407201383147, -0.013228593419183018, 0.010150741305981068, 0.0101578259918927, -0.00019572571793206737, -0.019559905544074035, -0.00785522333554303, -0.004510795829479142, -2.0429650261840566e-5, 0.05729959971296005, 0.00647284018229802, -0.0199673811762322, -0.08075488479916847, -0.0019042462923145242, -0.00018870542247325202, -0.0013526968450770162, -0.030280978122614315, 0.0011986415286367766, -0.005585679863035012, 0.004442933467936756, 0.0026125333518519623, -0.026935604366383648, 0.014389169665809604, -0.01927081035870324, 0.005138046217873558, -0.0028906156856288133, 0.0019897340626715454, -0.06811977002551581, -0.004444063853494431, -0.0017872786247935314, -0.013138052842211837, -0.0313664600253105, -0.016046319076505475, 0.05918931171506734, 0.49962261321409684, 0.0011644546299362669, -0.004860134646979958, -0.0016832274146241794, -0.0035842934198349, -0.00020676511578627817, -0.0032506654679472814, -0.0023056922166444912, 0.015085402300520434, 0.0032552169687154165, -0.00037432550122898215, -0.0027245059653795457, 0.016809751954018976, -0.008527326244694038, 0.06201477650468955, 0.11379120092961781, -0.003620364276939412, -0.04935410905077557, -0.047619060809187985, 0.030749948541105798, -0.0019843954014127528, -0.006244164108986446, 0.06370293469888182, -0.008780310083482255, -0.0162148266579284, 0.019621001146242826, -0.012848716429781463, -0.00783703138450113, -0.0004118842822545441, -0.011241804158693178, 0.015532172053931727, -0.006785746152763241, -0.0007308837756131882, -0.006621399805219689, 0.03841485449274012, -0.0004523266966277739, -0.003791949888901915, -0.0031421546151597134, -0.0015795093140352195, 0.0014080111451307306, -0.0014412011013653385, -0.0020781890523581684, -0.004769747206398548, -0.0016517537103923744, -0.03892867694380642, 0.011767419761447155, -0.004657201485304159, -0.00761002160869534, -0.013991311279669691, -0.00037537336254913305, -0.001136682603968226, 0.0036734257644697355, -0.0124889109826685, 0.04318434323413308, -0.00361980763215994, -0.00378830368820443, -0.002563282297024847, 0.0029201081000111346, -0.012081450157842802, -0.0024755016648750094, -0.011721868081139397, 0.012053574794972806, 0.1992297517837112, -0.007802545607405023, 0.0011610997692246274, -0.0035202424908037096, -0.022002522367716947, -0.0012993246941920722, -0.0040800475051127475, 0.0034115768232357902, 0.00038424098497572695, -0.029233780378928258, -0.006624895276017284, -0.0027922153392064106, -0.01201313201582926, -0.002718454640979907, -0.0008012216294970315, -0.007076456774976096, -0.0018182863088623779, -0.006378116899681846, -0.004849677907757098, -0.025936487062767303, 0.0032668130925821025, -0.0017429085994087386, -0.02658619287959307, -0.034079832429333295, -0.00017653312237958353, -0.0017643768183590255, -0.0068767884363844616, -0.009196016764481764, 0.0026518633641084343, 0.00798499288363901, -0.005082320247333469, 0.02622866410280076, -0.015534756397804408, 0.005255898811398267, 0.004529181561824764, -0.011286247959672174, -0.1123595535755157, -0.04763181962907135, -0.012578008172276455, -0.003928554297518892, -0.010852191502935746, -0.03855275465385819, -0.01127960504685254, -0.002742147345138491, -0.0030526858781291404, 0.0028513919554110615, 0.005566709589671299, -0.00628808004823864, -0.0033308098632049642, -0.023815626884690782, -0.0029113070909430267, -0.0026419459845833074, 0.019467528729351955, -0.004319330256461624, -0.007661272389199407, -0.003866287178449981, -0.006824488458860307, -0.0036287816995149006, -0.034629848402921166, -0.009175308717551905, -0.003718881655587412, -0.005121045393117817, -0.04080874797317965, 0.0005674795651421673, -0.0026264995937945934, -0.0028379646531961045, -0.02024782293961893, -0.030587719781890878, 0.012581874818219535, -0.003777220685245622, -0.007768278960879882, -0.01166565368730199, 0.01623928877362747, -0.009113282029395472, -0.027543630144669935, -0.0010924183805580477, 0.0006151015857420006, 0.008066742107411162, -0.09999367941672259, -0.0016863577987109295, -0.00144202235051782, -0.004942216740685777, -0.026042509809190893, -0.014502587688160472, -0.01231532028558957, -0.008201777372268414, -0.017253664132208593, -0.001798707173451633, 0.006656601534113896, 0.0034272387781713967, -0.10044326140865541, -0.07471588868737646, -0.003373335967317222, -0.0029358657984165683, -0.008628130156965808, -0.0029828256375237353, -0.00984500032843041, -0.0005551687172466539, 0.0008044107972202823, -0.003987899778900882, 0.0008490854328831129, -0.002254917906634679, -0.0013768374048528668, -0.0006250741085976085, 0.0042174180899943944, 0.0039771213824497465, 0.004455280572218026, 0.004435255376012811, -0.0005490735604581754, -0.004755171842342521, 0.005135800200274385, -0.00374702078385906, 0.001348719582253527, 0.027620839195250706, -0.025318769576469984, -0.03406201375043707, -0.004572747323072867, 0.0034386899498777875, -0.036261848515863546, -0.00969233025567139, -0.07056289471622794, 0.024877389374596406, -0.0030978682717755657, -0.00021164501857347086, 0.005391366895674995, -0.008126199544891221, 0.0026100765226820867, -0.007598711021000885, 0.02157497001129694, 0.0009633381388987949, 0.04760221498518976, 0.0051785384581759936, -0.0020332650287272387, -0.008237206797722016, 0.0006221883727570133, -0.0010302510716818523, -0.014641734323177327, 0.0020972515625098734, -0.07793840928591662, 0.0038429488319883004, -0.0018073210435344755, -0.01100701127587507, -0.0008522970135738248, -0.007250700110415741, -0.0068093384616076, -0.029292205359815426, 0.0011555940447755921, 0.006244526911898051, -0.004299873111391377, -0.0005736660536457924, 0.0007728375882844326, -0.002633478330863527, 0.004027815286350774, 0.013657554294464523, -0.007025557213940245, -0.004608008015543708, -0.001212809054498787, -0.006701873524287599, -0.008262580726395526, -0.0774603188037872, -0.00645094442090837, -0.07381142027621966, -0.0030822257317609236, -0.00407361155989376, 0.036470288187549674, -0.023246085162194376, -0.0003470712150705267, -0.004538250039169754, -0.002001748089877064, -0.0021809634978196078, -0.0067396054216080315, 0.025613519732587908, -0.03697850773647433, 0.004400117385600684, -0.01039611223208419, -0.0033886728749513394, -0.005864818281428245, -8.238002641557981e-5, -0.030741816697358187, -0.0006729211857764379, -0.03738296014832739, 0.03914044873388865, 0.011263364544284745, -0.025027064221369327, -0.0006823727033877611, -0.00637863160425371, 0.002177585829843062, -0.061389471997915245, -0.00017989340918865774, -0.015339932835281903, -0.007456701868318714, 0.00020500696187829574, 0.00053786300913468, -0.00020460546042013958, -0.00016396204049721086, -0.008490237931417198, -0.001431040825795202, 0.00012753477643657132, -0.0025889206691639566, -0.004731616311740395, 0.0011437816257722749, 0.027122590522752458, -0.00029870154169740456, -0.00042693271291630594, 0.0004947946017205932, -0.1063829809427261, -0.005003110429931303, -0.01325267854915298, -0.00302268254663957, -0.018723805491442074, -0.010208469770600415, -0.0065959317712151865, -0.002183579663821952, 0.0016601300331324687, 0.00026036213370171933, -0.0009068791628770562, -0.00568658713721492, 0.0034885474427271985, 0.008672884307826546, -0.00045155883678692823, -0.0006956458913985173, -0.15247873785012134, 2.9226429746351604e-7, -0.03348884977313462, -0.052703603308046375, 0.0006737880052943174, -0.0035481570963793348, -0.0014377091874699921, -0.05106130127364479, 0.001310156683746581, -0.0035246055681488306, 0.001982357311096139, 0.004417198725820465, -0.0057003549852408875, -0.026095579531175108, -0.013372547115255649, -0.012024603044309912, 0.0074895814231208824, -0.0017384281436318523, 0.0024006852148869585, 0.019845802339731343, -0.0025733357542866574, -0.006405640058211177, -0.019761425456714693, 0.08634975406350077, -0.004665247427891151, -0.00697322822144348, 0.012923472022318385, -0.004133107667681204, -0.006566478755115776, -0.012366839718424364, -0.01592676493593427, -0.002239051204120753, -0.005202899357546851, -0.0029468566364666874, -0.07382380434100368, -0.006077466578126153, -0.010853947997477471, -0.0040160893834700895, 0.005069603502059025, 0.08906667522468824, -0.02555509181741309, -0.004952892470932048, -0.0030441047316310662, 0.0030540463975560275, -0.050000000745058, 0.007660160775035076, -0.002352184505441695, 0.0019001620603209717, -0.001996793325835961, 0.08651306194213934, 0.021272175715274146, -0.05688197968865821, -0.0008332252155190353, 0.01920727815160755, -0.02406674022345462, -8.089447605776149e-5, -0.00954943779263102, 0.07041237183841813, 0.032215885769165994, -0.05045043126533807, -0.02295612405383204, -0.003915276673640692, -0.0, -0.017746991815985262, 0.0007663043520946472, -0.125, -0.0009502935309567222, -0.013227720272823894, -0.0027197811804106054, -0.020000221750538477, -0.0013149643860306476, -0.017190434370542986, 0.00027449703416267276, -0.020589365861103503, -0.014985129433997213, -0.008383869332575206, -0.010217344559550732, -0.007437193867503892, 0.000316506437263219, 0.010848247898128617, -0.03667931764453218, -0.02696118888089789, -0.002428985117196436, -0.004470882325713519, -0.004240458273584699, 0.0574712641537189, 0.0930232554674148, 0.005493135664250621, -0.00958530929631345, -0.0005801700385500441, -0.02103183486470262, 0.028301885527259867, 0.040058084093569805, -0.3255814015865326, 0.014950416747975577, -0.0031667398282291385, -0.02042121566810302, 0.0017186513615640498, -0.01537582283383186, 0.0225758135542983, -0.03754299435521383, -0.004810282253554014, -0.029584048814394862, 0.013702065456198398, -0.042467180102009096, 8.399949047896947e-5, -0.004147766958135585, -0.0013010589050240638, -0.0011675055053340035, -0.01740282960993636, -0.0036433295951032304, -0.005850056431091684, -0.00937549479449318, -0.005720444264047613, -0.01993715296936306, -0.1719298213720322, 0.0008798999678169744, -0.004460382816974112, 0.46086952323499025, -0.028483250582702704, -0.010187462958003298, 0.02842736350932907, -0.0030995351849292412, -0.002530925112061872, -0.023570549687814628, 0.0024470935986645364, -0.003144018626096806, -0.028396237977627303, 0.0038629316306917857, 0.0009546265808907945, -0.03463928733836153, -0.2063492089509964, -0.00354517494248453, -0.009865774544411659, 0.003867434236293354, -0.167567566037178, -0.011785492518503759, 7.941426728137078e-5, 0.024175465775762836, 0.00701561112073918, 0.012614204626587099, -0.002823903917616236, -0.05168649418563644, -0.044746482915920406, 0.055463082270397535, -0.0775560663186453, -0.0029470818501870573, -0.026760684590264216, 0.010736411948474238, -0.005693430765371766, -0.00212646223995711, -0.007441830993548588, -0.024214287661669748, 0.03502751380234179, -0.013879714990500919, 0.00998532323420064, -0.04873996724541609, -0.0002239382929305102, 0.009414503685726702, -0.0003092332205245533, 0.0036803350412637596, -0.00045739083104006083, -0.01120189285462279, 0.0007644116653514274, -0.004449617414552043, 0.003923281224577481, -0.002508535453388848, -0.004395459801404988, -0.002132775448117755, -0.019694365756253062, 0.11664403457997885, -0.0010647319777338101, -0.006522534777550514, -0.1538461595773697, 0.00042993248563420625, -0.0007684180190669264, -0.0030845258378886823, -0.21521543971749382, -0.03555790536005398, 0.0033024854033893297, -0.0032922393933437592, -0.0025252525229007, -0.005925120798762096, 0.0727359325613337, 0.013786070272120388, -0.05899092019762481, -0.0064588932077769435, -0.007707762801290133, -0.005125416946536796, -0.019822555005179862, 0.003964715072004463, 0.017706296897193025, 0.09835411197103804, -0.0008261538597815076, -0.003819395530196733, -0.005566708288587565, -0.011945491486953624, -0.013057208760337382, -0.008885312749050358, -0.004721340656987069, -0.009882598408375827, -0.001806192414764415, -0.005443755646429934, -0.009711499648269393, 0.0013789091903741548, -0.0036809602642049535, 0.002738748601493123, 0.014946451741865098, 0.007046594535526568, 0.0016577210488592704, -0.0025335289131339297, -0.008395354845082987, -0.000378322580446757, 0.0090077268012378, 0.0071651287341579885, 0.0172413792461156, 0.007390346147417282, 0.00614404666255818, -0.033518141090067115, -0.037037035105404945, -0.0020623279589292443, -0.0018419503872587448, -0.01265021745853775, -0.0950449924786249, 0.0031277103506644048, -0.05245118278674926, 0.01202527308371257, 0.00038941473789834435, 0.010100761337392163, -0.004310206094703221, -0.0013334456499119423, 0.011814717594276087, -0.01806746315979782, -0.0012997576395118943, -0.2205882370471954, -0.0036423684085777055, -0.0035177290472059764, -0.0027891758469758567, 0.0182324519373287, 0.007355511894928616, -0.00016677017053054043, -0.02018196003173155, -0.030294018740927266, -0.011935590727103014, 0.0021322488419944566, -0.119999997317791, 0.020314617446144816, -0.017938220294983116, -0.04822821186096027, -0.0006826091648836992, -0.01330402842788523, -0.021514855712216226, -0.0005552477626234902, 0.006995706836922688, -0.025083339517837824, 0.005031401782473615, 0.0018588481222386066, -0.0020098324432833814, -0.0360336044341293, -0.0007023621693082982, -0.0077188821049818624, 0.006090030814611239, -0.006394364478680934, -0.000846599115113962, -0.07279110996356095, 0.000752491447722523, -0.003372893959174114, -0.004648483884698515, -0.0225842491975999, 0.00010795955065401483, -0.016310202626109483, 0.025981112338796186, -0.0015774193070822392, 0.018641598295754517, 0.00882460849587277, 0.006337987116463134, -0.043684334199679514, 0.01485377846067314, 0.018402196975533417, -0.010894279555490155, -0.00015320865187476614, -0.0057712996622745, 0.0074705848539645455, -0.001146765444089193, -0.002098975974248348, -0.017276982945797218, -0.0848653003933703, -0.0019532382436454844, -0.005749463988106148, -0.006207917967208764, -0.05154677744298194, -0.005175206543889055, -0.029938338917199485, -0.007483297560513925, 0.018040074877995867, -0.002691312517222526, -0.010926974415646044, -0.0016367476257992373, -0.004241156638526111, -0.006485538990488069, -0.001470088121880027, -0.06124405717954651, -0.04291580642829554, -0.0024883689582228348, -0.0112266019378894, -0.011197202568265592, -0.024485800162566504, 0.0025945530661409693, 0.0569105707108974, -0.0015543326760342677, -0.0020690063476935206, 0.000522683229213432, 0.046286663253857524, -0.006000537722433821, -0.0045891473769613085, 0.00044678893881302644, -0.003324400296256817, -0.0014603625280142727, -0.0029067879108074287, -0.006582484434049287, -0.009111813106050855, -0.00160304211372236, -0.003202188265122484, -0.006609264633870119, 0.01965673577621148, -0.12853721328264367, -0.004345385178680557, 0.003091766552473328, 0.0006803747979589019, -0.007591025021771294, -0.00502682386097187, -0.009638818063137993, -0.01171616170949921, -0.00446537869825435, -0.006460832534822932, -0.002532923887197062, 0.008076132441759327, 0.0025570614861156506, 0.006664854846954447, -0.006025595061197553, -0.0012091615739464054, 0.007973274778112374, -0.0008341262190758665, -0.016695327850584443, 0.0544217675924301, 0.006319837521401021, -0.032692239047123484, -0.003447176987442049, -0.032631066179991015, -0.007490622982484213, -0.004558445255483693, -0.02530842928364295, -0.0004863266869498802, 0.1846153736114502, 0.0038282982022437217, -0.16837762858626304, 0.004566759489062301, 0.0009247926520431441, -0.0755999982357025, -0.0046285541140183685, 0.0003195472525734825, 0.014889580200437147, 0.0016911714295288894, -0.010013295976491598, -0.023781351489291603, -0.010324125012146485, 0.005085964604052191, -0.003776734746145294, -0.00036681781601375155, -0.114457830786705, 0.0012178454421590997, -0.04691945752430366, 0.004946819110425391, 0.015472464147753703, -0.017249834646419476, -0.01951130641713341, 0.005396418262764551, -0.002830560922357552, -0.010503933461322093, -0.003629525194316253, -0.17347142797034734, -0.029541278433278906, -0.003835388866700041, 0.01869689352182598, -0.0005703693529039493, -0.0031005584269332464, -0.03493023770562666, -0.0013185268579522776, 0.1047619059681892, 0.12261390274185195, -0.2307692319154739, -0.0033374888057684285, 0.11117246702986942, -0.0031232553255000134, 0.004475966225330331, 0.01154213284799159, -0.21224057148214293, 0.001114770478577885, -0.0833333358168602, -0.1272727251052856, -0.3333333432674408, -0.005842544075369227, 0.03548159555490779, -0.0833333358168602, -0.0053156335899418395, 0.02032935628564295, -0.1517948657274246, 0.009312326563340153, -0.003282273598057853, 0.004834347987229813, -0.00576627682350042, -0.028997402650444818, -0.0049681519284608565, 0.005808687602180418, -0.16371847735793305, -0.0017821194873623913, 0.00012394532747571054, -0.009313780097893224, 0.00910289264228588, 0.0007652100277543305, 0.0027981181807441974, -0.1756799966096878, -0.002141094420450981, 0.004915174686145766, 0.014888867197273956, 0.017685525187972926, 0.005557188098402763, 0.04750636568157326, 0.05386544676508186, -0.005425718516530264, 0.002902908014858768, -0.1176470592617989, 0.005314145931670274, -0.0035048369143112837, -0.005268245969925195, -0.04370902086274681, -0.0021671924272721886, 0.00832599248165897, 0.0027956162616450224, -0.00950733628285202, 0.0153989187281568, -0.009454618167934602, -0.011838453597191502, 0.0007292785899879628, -0.09998886180852604, -0.0023870416846283418, 0.001095395898707951, 0.010062208853991932, 0.1190313818373265, -0.02316885439627194, -0.0006436669772487297, -0.0076831396197615046, 0.01252949273860109, -0.0011454837804239428, -0.0066367603391236, -0.0208529698017212, -0.006343307641533022, -0.002648869711168375, 0.018056957824069738, -0.013410462007277094, 5.252624148569768e-5, -0.005681063792255118, -0.3243243098258972, -0.006828750905521319, 0.0009349226640315401, -0.028103715607682326, -0.17691524908468992, 0.009296695835058384, -0.005132824402491156, -0.011003683363879427, -0.0382555849359644, 0.07142418516514093, -0.0013098282053394998, -0.0, -0.0016144073860767858, -0.00591123689138679, -0.0358915801097475, -0.07251428549915205, 0.01725440529375096, -0.004298384478815402, -0.008771174431637985, -0.0016177467888834735, 0.00443956521417994, 0.023429671331769045, 0.007939837732646322, -0.04545454409989429, -0.045230230985493725, -0.007997573913580126, -0.0181818176060915, -0.011715286004940453, 0.025893625745545535, -0.003974877451501782, -0.003054768679776469, -0.04590954839458592, -0.019020592465293952, 0.003875942676125705, -0.0275008442561589, 0.0076222264001872524, 0.18916991195734917, 0.0004908385315138572, -0.004222116105001445, -0.024033626454569197, 0.07620425884823812, -0.03303874108257847, 0.012324775957533092, 0.02164832980339758, -0.0008575911291482622, -0.00704369404091523, -0.004056918969350958, -0.006906984133347705, -0.0908427491788341, 0.00573971443938693, -0.00027662876271235986, 0.07124791532297303, 0.0980392172932624, -0.03271418801409411, 0.04832151726102146, -0.0059440795157468295, -0.007640241377953159, -0.003974098614326108, 0.050238162036622125, 0.0017331410119749893, 0.006533027683470351, -0.013440331743521158, -0.04004587499174005, 0.010358134830739212, -0.0782608687877655, -0.006968996821202444, 0.0013293231393177903, -0.004867810659409317, 0.07841102824297687, -0.004505606366616413, 0.00010281136883333261, 0.0010794372500415666, -0.010555696032417473, -0.0038229019619874694, -0.0011999468863555347, -0.0179525639044506, -0.002210117495470891, 0.0022540390647235384, -0.014183449285132805, -0.1282084420014097, -0.0010340190667711923, -0.015819788498346886, -0.005933405722748043, -0.011212669307325918, -0.0015983409874056886, -0.04771670563772146, -0.004374123047074486, -0.061071402528652195, -0.007952803784457356, 0.0016033213479770675, -0.0560908433647372, 0.004586595033417627, 0.0013131829176623625, 0.0032888368817884273, -0.034124027978201514, 0.005579924588637292, -0.0012368598506616788, -0.6666666865348816, -0.004973137060545848, -0.1025641039013863, 0.0019211075815894524, -0.00731133149847761, -0.00411545398340655, 0.0008858490668661996, 0.085365854203701, 0.008703157537133216, -0.017945561437251532, 0.010408737389276558, 0.020460297808027092, -0.045591894810109536, -5.669820491605725e-6, 0.009465621881548402, -0.005042079464898783, -0.004353835659401929, 0.026205597232693414, -0.005050532557349156, -0.014924579460076371, 0.051953084283424524, 0.0013074964901214868, 0.115631516546187, -0.015284373435369203, 0.08233564933252487, -0.016415644142948275, -0.4078947305679321, -0.0024677969672456473, 0.026023719369495678, -0.012753220476890507, -0.009093131248890569, -0.01730618457808134, -0.0028630580371052615, -0.009579972746484275, -0.004977199254063668, -0.00457493129567578, -0.007906695016407143, 0.010091972156948886, -0.0026640711238391478, -0.017299056991765552, 0.027837815612391504, -0.07645245277406133, -0.007676972264674922, -0.01137685921575955, -0.0010607758954068861, -0.0001798770508232887, -0.005636350532985829, -0.0024748823351310647, 0.0016918505719226, 0.022836617639789867, -0.004735330021540534, -0.003952716399823331, 0.01548841235413476, -0.0031983677536112864, 0.027683211472956756, -0.020067628147093845, 0.034432178670664323, -0.09393996930537796, -0.05358151762800134, -0.02296899290398891, 0.1666666716337204, 0.012353438662197735, -0.0315297165942618, -0.02120077271316871, 0.049032544698395686, -0.0019524574532544697, 0.0034380122145830053, 0.048468703572048036, 0.002473076077939484, -0.01769546425379552, 0.04202597855426495, 1.195039536250173e-5, -0.0882352963089943, -0.2288135588169098, -0.04271067078271532, 0.15675688135572685, -0.006439985777060265, 0.004951023102713906, -0.03763391120253585, -0.008879926020623706, 0.03746217783712972, -0.0075520103700661275, 0.14307223039901817, 0.04608619246757492, -0.01153160618618962, -0.025838632638869204, 0.027142413193163083, -0.01911930507853776, 0.02473760736428443, -0.10512313309055794, -0.04550109483281323, -0.022776323706346677, -0.005136145536634329, 0.0023797773836893676, -0.001510611728912622, 0.03366871602963842, -1.403000678548783, -0.0008520882111616136, -0.0012210854067413253, 0.01519840564796208, 0.0038832496143606657, 0.011142873808285422, -0.006317610697063699, -0.026103355389693217, -0.0032201633530969413, 0.021733091254660605, 0.008202885679770094, -0.008513605448619142, 0.0007351750959506716, -0.012748266530795721, 0.006806630909333414, -0.001998300728230686, -0.012288384125199349, -0.02132894262600926, 0.0014489225581100725, -0.023758770647194078, -0.004188314390704456, -0.0, -0.008774364014349344, 0.018350772311566284, -0.0364963486790657, -0.0003458140306243266, -0.06815102267415103, -0.005118345018019483, -0.0020654185923476417, 0.04080713725295059, -0.0053933606386617474, -0.0071215959966486235, -0.005723592411385885, -0.006775641233794037, -0.029114896614903053, -0.02813840029247556, -0.0016424935865516934, -0.018249796966458363, 0.045395805079613605, 0.003784607245430079, 0.006771193070924083, -0.013332811276023654, -0.015083178608436719, -0.0029146959590573927, 0.2646987097704283, -0.05656880043473711, 0.01259529510641678, 0.0578022666104195, -0.009365957872161441, 0.625, -0.000832466629009652, 0.05075730773024173, -0.009318783262990767, -0.02859062623941001, -0.00258762309767406, 0.008390882600620956, 0.018930378338132003, -0.00036811481200318844, 0.012812872696138235, -0.0009990974311713796, -0.018293355232927622, 0.011944645255809547, 0.004516860335916081, 0.006834931827351021, -0.024258473512695385, -0.00043447057243111917, 0.003972763485019498, -0.006805265670045521, 0.04740879626624705, 0.03326522305003556, 0.03886211503103005, 0.18338108459823754, -0.012002491099908504, 0.003664482010916079, -0.04950959215772142, 0.4666666686534882, 0.05574988818340515, 0.0973975349948986, 0.02764799921650407, 0.019392737551679896, 0.004524007603711432, -0.027367635350759405, -0.009147251761061832, -0.017197625606395633, -0.0033574570468808606, -8.170708049825035e-5, -0.01141426260791505, -0.007675246089104946, -0.032678390026555953, 0.023151932866022337, -0.02765487874494515, -0.036021306818062405, -0.0, 0.01791220190459983, -0.08918280314798482, -0.08120374613012828, 0.006756510600730135, 0.00421423243338649, 0.051732290708072746, -0.0021122996410626125, -0.01400896655780403, 0.010657177940980757, -0.0022227925643571738, 0.05510792884720672, 0.1599999964237213, 0.0008473109182958502, 0.006702800383422054, -0.0012951059613793413, 0.004091916460051548, -0.012292209823611278, -0.0030978277659105286, 0.017657353803495143, -0.00779761283157529, -0.012869550505808023, 0.014101046243228513, 0.010568022103388934, -0.00753076165971681, 0.028668900516029428, 0.01448846847753059, 0.21078999924975803, 0.01997951251736089, -0.003986609549024525, -0.00688221251084634, -0.02392898872224686, -0.024722685554489716, -0.006625779915624253, 0.05764265258927094, 0.02163894785735555, -0.054160931881824144, -0.0492807379843518, -0.04438965175903431, -0.03076412972920972, 0.036376689589067236, -0.1750362944332449, 0.0027174356143439223, 0.01990590041373936, -0.0004638069881257133, -0.0200779928091844, -0.07955000501766255, -0.013353718839726214, 0.0066511230999280095, -0.02304737383418513, -0.014640705838322002, -0.002770050895311786, 0.01881807697430733, 0.00904106415333481, -0.07075241170493571, -0.014034891563176445, 0.00441117937460894, -0.03291082810582761, 0.01321125000958327, 0.09034267274482977, 0.20268242997917252, -0.017971993646654853, -0.00454580619303919, -0.05781490510546017, -0.0719995378319409, -0.13617159802050013, 0.008900315399681101, -0.052047457966954314, 0.004909094205364089, 0.03385348168029001, -0.0600600615143775, 0.0035408495477174647, 0.014986610501177514, 0.023075515807602098, 0.021288377271471755, -0.022843740373507053, -0.009116262240002282, -0.018379789183572, 0.005795769347872386, -0.014143665733452465, -0.00698904442951231, 0.006211012204183589, -0.027114325468382623, -0.010999146520251912, 0.14604202434003621, 0.01357094788541754, -0.012598223575382032, -0.0038660699140675137, -0.0078118047931389845, -0.14337179533027286, -0.0674157291650772, -0.0434782616794109, 0.19892920808957368, -0.03249545242704055, -0.2575978529149925, -0.0035757363843963814, -0.012808911923321897, -0.030850076856272796, 0.03716471098076758, -0.02840656886178828, -0.003047009820845691, -0.2156862765550613, 0.04794281019463311, -0.030049755835088753, 0.037079239931148394, -0.042023625166455296, 0.02841667794664608, -0.007153669089027403, -0.0, -0.001333082084457601, -0.08609329675195461, 0.008257169158644363, 2.3127055074740535e-5, 0.027346301545638368, -0.002095136002844086, -0.002139076606528348, 0.020817343982260105, 0.04858419293163244, -0.0026191846735276495, -0.0010282248471066657, -0.0005122682357081699, -0.2000000029802322, -0.11967271156976378, -0.019742461204315772, -0.11788621087832649, 0.002690070107528563, -0.06810134321808116, -0.0020058661682620903, -0.028894638768296513, -0.02751267369316414, -0.018898036517727822, -0.0014657385708434425, -0.008673484800906003, -0.033831049837350684, -0.05201592187321369, -0.016295484030166656, -0.0341327272496004, -0.0038231489528128943, 0.0099533826427875, -0.014709165654483844, 0.0016066589278809912, 0.0018476338967461877, 0.004146743774729038, -0.006610349276310027, -0.012254519669807173, -0.03751822425749711, 0.026786474688576804, -0.012372318507351933, -0.026072570551300866, 0.06840254897468666, 0.06131040939837864, 0.0059541706247789525, 0.027342464800448094, -0.022572445226980428, -0.004980121450628864, -0.0016791987198185479, 0.0025680020275124383, -0.015311860906391743, -0.05410994890918874, -0.0005763397395279295, -0.003381818590794506, 0.0023458157317825133, -0.0081967208534479, -0.0022309430252763765, 0.0205714292824268, -0.0438032990042356, 0.029903974673508905, -0.007424879520066965, -0.007023076069033439, 0.019557407662198708, 0.0002191298495552163, 0.015306112269122717, -0.006916523216735247, -0.018350895527221286, -0.008944192146610781, 0.010125453359901646, -0.03241389216325951, -0.01113939200244606, 0.004693542165326471, -0.017243952024775844, -0.00867087849155545, -0.19882520782061341, 0.0044079786848792955, 0.0025286746304944373, 0.02451991551751379, -0.1883054016651737, 0.007340088611484624, -0.08154814248031965, 0.017253851682964182, -0.0007530721163672109, -0.006744992217087265, -0.008050419677648257, 0.05202728056972974, -0.0004724104637291959, 0.009753731954903973, -0.003045284413886157, 0.00898475807890342, 0.03883805618881997, -0.0013183559568290051, 0.003592447755851619, -0.024491597616255197, 0.016777584147232998, -0.07294094634021657, -0.036041759223064684, 0.00012588086672987063, 0.0001574297019746214, -0.05558425422734015, -0.05922166521069244, -0.2765957415103912, -0.00819062459041738, 0.05508757610892301, 0.0037833422146114916]"
